id,user_id,date,flight_number,from,to,departure_time,arrival_time,duration,airline,aircraft,registration,seat_number,seat_type,flight_class,flight_reason,note
495f4d00-ba08-496b-b37a-d1ae0719a373,b252a9a4-08ac-4aef-a9bc-37e6d00bd161,2006-03-09,5P853,ae576c29-3f92-464d-a24e-8be699b4a1d9,d549830a-90a9-42c9-91aa-8cfd43faddab,13:05:00,15:05:00,02:00:00,8dd3a4ae-259e-42ea-8052-87028dd94424,ef344faf-d74e-40fd-8a5b-56256b9c8834,HA-LKV,23F,Window,Economy,Leisure,
98e015d3-256a-4e68-9447-79163e633246,b252a9a4-08ac-4aef-a9bc-37e6d00bd161,2006-03-14,5P852,d549830a-90a9-42c9-91aa-8cfd43faddab,ae576c29-3f92-464d-a24e-8be699b4a1d9,15:35:00,17:25:00,01:50:00,8dd3a4ae-259e-42ea-8052-87028dd94424,ef344faf-d74e-40fd-8a5b-56256b9c8834,,3A,Window,Economy,Leisure,
8f40ee3d-9c3b-4abb-bc51-2f9605340ac5,b252a9a4-08ac-4aef-a9bc-37e6d00bd161,2007-02-01,5P600,ae576c29-3f92-464d-a24e-8be699b4a1d9,396b4148-bd30-4b98-963c-4229cb9d4318,07:10:00,09:30:00,02:20:00,8dd3a4ae-259e-42ea-8052-87028dd94424,ef344faf-d74e-40fd-8a5b-56256b9c8834,,17A,Window,Economy,Leisure,
609e5591-3c78-43c3-9ac4-28d96318705f,b252a9a4-08ac-4aef-a9bc-37e6d00bd161,2007-02-06,5P607,396b4148-bd30-4b98-963c-4229cb9d4318,ae576c29-3f92-464d-a24e-8be699b4a1d9,20:30:00,22:40:00,02:10:00,8dd3a4ae-259e-42ea-8052-87028dd94424,ef344faf-d74e-40fd-8a5b-56256b9c8834,,8F,Window,Economy,Leisure,
18c2e3b3-7ce0-498b-95a1-73936656c438,b252a9a4-08ac-4aef-a9bc-37e6d00bd161,2007-09-01,5P1850,ae576c29-3f92-464d-a24e-8be699b4a1d9,9c028d70-7067-47bd-af11-4b744d8b1a1a,18:05:00,20:40:00,01:35:00,8dd3a4ae-259e-42ea-8052-87028dd94424,9bc25759-309d-4a83-93d5-5b5b9d107a02,,1F,Window,Economy,Leisure,
27c952c3-175d-4393-83c8-4885b61f93d6,b252a9a4-08ac-4aef-a9bc-37e6d00bd161,2007-09-04,5P1851,9c028d70-7067-47bd-af11-4b744d8b1a1a,ae576c29-3f92-464d-a24e-8be699b4a1d9,21:20:00,22:00:00,01:40:00,8dd3a4ae-259e-42ea-8052-87028dd94424,9bc25759-309d-4a83-93d5-5b5b9d107a02,,8A,Window,Economy,Leisure,
89ab06b6-f5cb-4eab-a319-4e4e7a504bf4,b252a9a4-08ac-4aef-a9bc-37e6d00bd161,2007-09-20,5P852,ae576c29-3f92-464d-a24e-8be699b4a1d9,d549830a-90a9-42c9-91aa-8cfd43faddab,13:05:00,15:05:00,02:00:00,8dd3a4ae-259e-42ea-8052-87028dd94424,9bc25759-309d-4a83-93d5-5b5b9d107a02,,3A,Window,Economy,Leisure,
5b2390c7-838a-4c3b-8be1-c3231baf1353,b252a9a4-08ac-4aef-a9bc-37e6d00bd161,2007-09-23,5P853,d549830a-90a9-42c9-91aa-8cfd43faddab,ae576c29-3f92-464d-a24e-8be699b4a1d9,19:55:00,21:45:00,01:50:00,8dd3a4ae-259e-42ea-8052-87028dd94424,9bc25759-309d-4a83-93d5-5b5b9d107a02,,2F,Window,Economy,Leisure,
32f98f9d-ed5a-4e68-8671-b661579d1f68,b252a9a4-08ac-4aef-a9bc-37e6d00bd161,2007-10-14,5P390,ae576c29-3f92-464d-a24e-8be699b4a1d9,242e13d6-682d-4ca7-914f-6f579e3501fd,13:00:00,14:45:00,01:45:00,8dd3a4ae-259e-42ea-8052-87028dd94424,20ff1ca6-197c-4c5d-acb4-00537b36d88e,HA-LKM,2D,Aisle,Economy,Leisure,
bc719260-8656-4808-aac2-fc4b0e6bea9b,b252a9a4-08ac-4aef-a9bc-37e6d00bd161,2007-10-15,5P391,242e13d6-682d-4ca7-914f-6f579e3501fd,ae576c29-3f92-464d-a24e-8be699b4a1d9,15:30:00,17:15:00,01:45:00,8dd3a4ae-259e-42ea-8052-87028dd94424,20ff1ca6-197c-4c5d-acb4-00537b36d88e,HA-LKM,4A,Window,Economy,Leisure,
ced35409-8ebd-4453-89a4-0cbdcb556019,b252a9a4-08ac-4aef-a9bc-37e6d00bd161,2007-11-05,MA662,ae576c29-3f92-464d-a24e-8be699b4a1d9,396b4148-bd30-4b98-963c-4229cb9d4318,09:25:00,11:35:00,02:10:00,d8ee446b-d62f-4391-90fc-c08c4c40a48c,9ec899f5-9fe1-4856-b47d-2f82660ecde6,,9D,Aisle,Economy,Business,Menzies
cb22a8ef-a964-44db-9b6c-a494dff018e6,b252a9a4-08ac-4aef-a9bc-37e6d00bd161,2007-11-05,KL1147,396b4148-bd30-4b98-963c-4229cb9d4318,eb905cd2-1b07-4598-b7a8-2db84164f568,14:55:00,16:45:00,01:50:00,ae290bbc-85ad-435a-9b8a-bb0cd7597545,9bc25759-309d-4a83-93d5-5b5b9d107a02,,20B,Middle,Economy,Business,Menzies
e820edf3-2cf2-4dac-a9a0-596edc6a4470,b252a9a4-08ac-4aef-a9bc-37e6d00bd161,2007-11-12,KL1148,eb905cd2-1b07-4598-b7a8-2db84164f568,396b4148-bd30-4b98-963c-4229cb9d4318,17:40:00,19:35:00,01:55:00,ae290bbc-85ad-435a-9b8a-bb0cd7597545,9bc25759-309d-4a83-93d5-5b5b9d107a02,,20A,Window,Economy,Business,Menzies
e90985aa-157c-4ad3-9688-0b9f49d1b22d,b252a9a4-08ac-4aef-a9bc-37e6d00bd161,2007-11-12,MA669,396b4148-bd30-4b98-963c-4229cb9d4318,ae576c29-3f92-464d-a24e-8be699b4a1d9,20:30:00,22:30:00,02:00:00,d8ee446b-d62f-4391-90fc-c08c4c40a48c,9bc25759-309d-4a83-93d5-5b5b9d107a02,,10A,Window,Economy,Business,Menzies
96fe0bd5-ebab-4ce1-a3fe-e8644c98571d,b252a9a4-08ac-4aef-a9bc-37e6d00bd161,2008-04-15,W60277,ae576c29-3f92-464d-a24e-8be699b4a1d9,9bba640f-8719-4428-afc6-55cb317f08bb,12:35:00,14:40:00,02:05:00,5f2bb056-63d9-4ae0-9f48-324f389c86df,cbb306bf-35ca-4dba-ab30-be29d4fd671b,HA-LPD,4A,Window,Economy,Leisure,
fb69bc10-9895-4ea6-a4ad-564ea2c22617,b252a9a4-08ac-4aef-a9bc-37e6d00bd161,2008-04-18,NB457,7cea0d62-76cb-453f-806e-555b9bee5da1,d549830a-90a9-42c9-91aa-8cfd43faddab,16:20:00,17:35:00,01:15:00,d1f39f18-12b3-4171-b16c-6cb5f422162b,9bc25759-309d-4a83-93d5-5b5b9d107a02,,5C,Aisle,Economy,Leisure,
ddb19be9-6f0a-45cb-9ae8-70a7ff74ebfa,b252a9a4-08ac-4aef-a9bc-37e6d00bd161,2008-04-20,NB567,d549830a-90a9-42c9-91aa-8cfd43faddab,ae576c29-3f92-464d-a24e-8be699b4a1d9,11:10:00,13:15:00,02:05:00,d1f39f18-12b3-4171-b16c-6cb5f422162b,20ff1ca6-197c-4c5d-acb4-00537b36d88e,OY-MRG,2C,Aisle,Economy,Leisure,
300b547a-91d7-4b99-99db-be562a85dcab,b252a9a4-08ac-4aef-a9bc-37e6d00bd161,2008-09-22,NB568,ae576c29-3f92-464d-a24e-8be699b4a1d9,d549830a-90a9-42c9-91aa-8cfd43faddab,12:20:00,14:30:00,02:10:00,d1f39f18-12b3-4171-b16c-6cb5f422162b,9bc25759-309d-4a83-93d5-5b5b9d107a02,,1F,Window,Economy,Leisure,
c6b44cb8-c94e-4e67-b44d-6623132339f3,b252a9a4-08ac-4aef-a9bc-37e6d00bd161,2008-11-14,SK1470,d549830a-90a9-42c9-91aa-8cfd43faddab,eb905cd2-1b07-4598-b7a8-2db84164f568,19:10:00,20:20:00,01:10:00,e157e076-28f8-4d8f-ae5e-f29d6604dd37,c0c623c4-f23d-4969-b4db-5f5641bb0676,LN-RRL,27C,Aisle,Economy,Leisure,AC: Jarlabanke Viking
87329759-ff1f-4279-9e82-61b3d9ff2b75,b252a9a4-08ac-4aef-a9bc-37e6d00bd161,2008-11-16,SK467,eb905cd2-1b07-4598-b7a8-2db84164f568,d549830a-90a9-42c9-91aa-8cfd43faddab,20:20:00,21:30:00,01:10:00,e157e076-28f8-4d8f-ae5e-f29d6604dd37,6e27733e-39cc-42ee-8082-cd6d588fbfda,LN-ROY,28F,Window,Economy,Leisure,AC: Spjute Viking
09c7aae9-472f-4419-ab2f-0ae28cad44e9,b252a9a4-08ac-4aef-a9bc-37e6d00bd161,2008-12-21,MA753,d549830a-90a9-42c9-91aa-8cfd43faddab,ae576c29-3f92-464d-a24e-8be699b4a1d9,20:25:00,22:15:00,01:50:00,d8ee446b-d62f-4391-90fc-c08c4c40a48c,c0c623c4-f23d-4969-b4db-5f5641bb0676,HA-LOH,7C,Aisle,Economy,Leisure,
9966d3dd-1678-433e-bfc6-dddf2c8f856b,b252a9a4-08ac-4aef-a9bc-37e6d00bd161,2008-12-28,MA750,ae576c29-3f92-464d-a24e-8be699b4a1d9,d549830a-90a9-42c9-91aa-8cfd43faddab,07:20:00,09:15:00,01:55:00,d8ee446b-d62f-4391-90fc-c08c4c40a48c,9bc25759-309d-4a83-93d5-5b5b9d107a02,,5D,Aisle,Economy,Leisure,
c33026d4-421c-4f01-b9ee-b7e108397a5e,b252a9a4-08ac-4aef-a9bc-37e6d00bd161,2010-06-17,DY3551,ae576c29-3f92-464d-a24e-8be699b4a1d9,d549830a-90a9-42c9-91aa-8cfd43faddab,14:35:00,16:25:00,01:50:00,0869aacc-fd11-4fa8-9c34-09c5a3b71bbe,c0c623c4-f23d-4969-b4db-5f5641bb0676,LN-KKG,2D,Aisle,Economy,Leisure,
e283df17-7157-433f-a134-e11122e34179,b252a9a4-08ac-4aef-a9bc-37e6d00bd161,2010-06-20,DY3550,d549830a-90a9-42c9-91aa-8cfd43faddab,ae576c29-3f92-464d-a24e-8be699b4a1d9,14:05:00,16:00:00,01:55:00,0869aacc-fd11-4fa8-9c34-09c5a3b71bbe,c0c623c4-f23d-4969-b4db-5f5641bb0676,LN-KKT,3D,Aisle,Economy,Leisure,
47679251-3e2e-4537-99bb-8f7261ec43b1,b252a9a4-08ac-4aef-a9bc-37e6d00bd161,2012-05-25,TU6095,ae576c29-3f92-464d-a24e-8be699b4a1d9,df9c54b4-1251-4420-8de6-999644458770,14:10:00,15:35:00,02:25:00,2fb73b7a-2e5b-481c-b984-1a2f748fb575,ef344faf-d74e-40fd-8a5b-56256b9c8834,TI-IOH,10C,Aisle,Economy,Business,Sunfun Study
39ed6667-4eae-47d0-bd14-eb83a6112cfc,b252a9a4-08ac-4aef-a9bc-37e6d00bd161,2012-06-01,TU6094,de2d3777-f07a-4455-bb0e-98c5a87a6447,ae576c29-3f92-464d-a24e-8be699b4a1d9,14:00:00,17:15:00,02:15:00,2fb73b7a-2e5b-481c-b984-1a2f748fb575,91bbc220-843d-4956-98c8-2695400592b4,TI-IMJ,19C,Aisle,Economy,Business,Sunfun Study
6400f126-7a35-490f-b3a8-27c5bd042904,b252a9a4-08ac-4aef-a9bc-37e6d00bd161,2012-09-10,QS2376,ae576c29-3f92-464d-a24e-8be699b4a1d9,3893d2d6-4baa-4a12-b3c8-b9ed93ad2eee,05:10:00,08:15:00,02:05:00,f1e98621-1670-4ff0-b277-893e074d437d,c0c623c4-f23d-4969-b4db-5f5641bb0676,HA-LKB,6E,Middle,Economy,Leisure,
aae72e5d-1ce2-443c-943a-7537fd669df2,b252a9a4-08ac-4aef-a9bc-37e6d00bd161,2012-09-17,QS2377,3893d2d6-4baa-4a12-b3c8-b9ed93ad2eee,ae576c29-3f92-464d-a24e-8be699b4a1d9,09:05:00,10:00:00,01:55:00,f1e98621-1670-4ff0-b277-893e074d437d,c0c623c4-f23d-4969-b4db-5f5641bb0676,HA-LKB,25F,Window,Economy,Leisure,
ad5184bf-0fbb-409c-8b5b-f6c6ba44403d,b252a9a4-08ac-4aef-a9bc-37e6d00bd161,2012-10-26,QR948,ae576c29-3f92-464d-a24e-8be699b4a1d9,375cf365-a285-4bce-bf69-8a2ad7a2793d,17:05:00,23:20:00,05:15:00,1b336f3f-f11a-4233-9dc8-e75853ca0962,cbb306bf-35ca-4dba-ab30-be29d4fd671b,A7-AHL,11F,Window,Economy,Leisure,
06c1d1f2-0a31-47c5-af78-f9d20ac377db,b252a9a4-08ac-4aef-a9bc-37e6d00bd161,2012-10-27,QR802,375cf365-a285-4bce-bf69-8a2ad7a2793d,107437c2-2b62-40c4-bf4a-3fa6cd14e643,01:25:00,19:50:00,12:25:00,1b336f3f-f11a-4233-9dc8-e75853ca0962,4af7ed2e-f686-41ec-b0b6-ca7a14a465a8,A7-BAA,12H,Aisle,Economy,Leisure,
ecde3d03-3159-4313-847d-8cd4b3e308b3,b252a9a4-08ac-4aef-a9bc-37e6d00bd161,2012-11-02,QR805,107437c2-2b62-40c4-bf4a-3fa6cd14e643,375cf365-a285-4bce-bf69-8a2ad7a2793d,22:30:00,04:30:00,12:00:00,1b336f3f-f11a-4233-9dc8-e75853ca0962,c602d237-21db-4bae-ac86-538079a13cda,A7-BBC,12H,Aisle,Economy,Leisure,
77883582-fde7-4350-88c4-2ae682e4adc9,b252a9a4-08ac-4aef-a9bc-37e6d00bd161,2012-11-03,QR947,375cf365-a285-4bce-bf69-8a2ad7a2793d,ae576c29-3f92-464d-a24e-8be699b4a1d9,07:40:00,11:35:00,05:55:00,1b336f3f-f11a-4233-9dc8-e75853ca0962,cbb306bf-35ca-4dba-ab30-be29d4fd671b,A7-AHO,9D,Aisle,Economy,Leisure,
d1d67d53-5277-4b00-9681-f9f63658c4b1,b252a9a4-08ac-4aef-a9bc-37e6d00bd161,2013-12-14,LO534,ae576c29-3f92-464d-a24e-8be699b4a1d9,bdaa5dfb-40e9-4986-bb40-97ce247fb766,09:10:00,10:20:00,01:10:00,bd9b71df-057e-4b1f-8f3c-d082199d8529,8243a1d5-5f12-446d-80ab-816bb8db9ee7,SP-LDA,11C,Aisle,Economy,Business,LOT Study
a5d087e4-b438-4a0c-9b39-09f0a73f463a,b252a9a4-08ac-4aef-a9bc-37e6d00bd161,2013-12-16,LO531,bdaa5dfb-40e9-4986-bb40-97ce247fb766,ae576c29-3f92-464d-a24e-8be699b4a1d9,18:05:00,19:20:00,01:15:00,bd9b71df-057e-4b1f-8f3c-d082199d8529,8243a1d5-5f12-446d-80ab-816bb8db9ee7,SP-LDB,9C,Aisle,Economy,Business,LOT Study
7de38690-3b2c-42d2-989e-ef06a1bee53f,b252a9a4-08ac-4aef-a9bc-37e6d00bd161,2014-03-03,KL1972,ae576c29-3f92-464d-a24e-8be699b4a1d9,396b4148-bd30-4b98-963c-4229cb9d4318,06:30:00,08:45:00,02:15:00,ae290bbc-85ad-435a-9b8a-bb0cd7597545,c0c623c4-f23d-4969-b4db-5f5641bb0676,PH-BGC,11D,Aisle,Economy,Business,JTB Europe meeting
42b34377-1a6f-4b40-96fd-b9786a97bbcf,b252a9a4-08ac-4aef-a9bc-37e6d00bd161,2014-03-04,KL1979,396b4148-bd30-4b98-963c-4229cb9d4318,ae576c29-3f92-464d-a24e-8be699b4a1d9,20:55:00,22:55:00,02:00:00,ae290bbc-85ad-435a-9b8a-bb0cd7597545,c0c623c4-f23d-4969-b4db-5f5641bb0676,PH-BXI,10D,Aisle,Economy,Business,JTB Europe meeting
a3b34bb7-71a5-48c4-ad4b-a3134ad40754,b252a9a4-08ac-4aef-a9bc-37e6d00bd161,2014-03-15,TK1036,ae576c29-3f92-464d-a24e-8be699b4a1d9,58068f24-2708-4cef-9166-d794e5d9de49,10:50:00,13:45:00,01:55:00,0f074206-403e-4e4a-96d4-272d03666848,ab1d2055-0e3e-4448-bbe2-1f62965d7e5e,TC-JRK,5D,Aisle,Economy,Leisure,
5a856755-efcb-4a3e-b7a3-d7e2bfa9cce8,b252a9a4-08ac-4aef-a9bc-37e6d00bd161,2014-03-15,TK0050,58068f24-2708-4cef-9166-d794e5d9de49,107437c2-2b62-40c4-bf4a-3fa6cd14e643,17:15:00,11:30:00,11:15:00,0f074206-403e-4e4a-96d4-272d03666848,4af7ed2e-f686-41ec-b0b6-ca7a14a465a8,TC-JJF,31H,Aisle,Economy,Leisure,
99c3f191-7d47-4c8b-84bd-ee4d0fc3eacd,b252a9a4-08ac-4aef-a9bc-37e6d00bd161,2014-03-26,TK0053,107437c2-2b62-40c4-bf4a-3fa6cd14e643,58068f24-2708-4cef-9166-d794e5d9de49,21:40:00,03:30:00,12:50:00,0f074206-403e-4e4a-96d4-272d03666848,a1a02198-0ab1-4b49-aa2f-ebcfde99388e,TC-JNE,30J,Aisle,Economy,Leisure,
c96bf3b0-f67b-401a-9241-eb48b9370e89,b252a9a4-08ac-4aef-a9bc-37e6d00bd161,2014-03-27,TK1035,58068f24-2708-4cef-9166-d794e5d9de49,ae576c29-3f92-464d-a24e-8be699b4a1d9,08:50:00,09:50:00,02:00:00,0f074206-403e-4e4a-96d4-272d03666848,c0c623c4-f23d-4969-b4db-5f5641bb0676,TC-JHF,9D,Aisle,Economy,Leisure,
ed122bfa-21d4-4381-b191-5a5627a5c718,b252a9a4-08ac-4aef-a9bc-37e6d00bd161,2014-11-05,TK1036,ae576c29-3f92-464d-a24e-8be699b4a1d9,58068f24-2708-4cef-9166-d794e5d9de49,09:25:00,12:20:00,01:55:00,0f074206-403e-4e4a-96d4-272d03666848,20ff1ca6-197c-4c5d-acb4-00537b36d88e,TC-JKJ,02A,Window,Business,Leisure,
a3f87ad7-d3fd-46df-8f55-5dd04d357f8c,b252a9a4-08ac-4aef-a9bc-37e6d00bd161,2014-11-05,TK0050,58068f24-2708-4cef-9166-d794e5d9de49,107437c2-2b62-40c4-bf4a-3fa6cd14e643,17:15:00,11:30:00,11:15:00,0f074206-403e-4e4a-96d4-272d03666848,4af7ed2e-f686-41ec-b0b6-ca7a14a465a8,TC-jjm,1K,Window,Business,Leisure,
1c5e3360-06fc-4b93-890d-316eb72f00aa,b252a9a4-08ac-4aef-a9bc-37e6d00bd161,2014-11-13,TK0051,107437c2-2b62-40c4-bf4a-3fa6cd14e643,58068f24-2708-4cef-9166-d794e5d9de49,12:55:00,18:10:00,12:15:00,0f074206-403e-4e4a-96d4-272d03666848,4af7ed2e-f686-41ec-b0b6-ca7a14a465a8,tc-JJK,4j,Aisle,Business,Leisure,
c6682435-453a-49c0-8203-1173beb66d7a,b252a9a4-08ac-4aef-a9bc-37e6d00bd161,2014-11-15,TK1037,58068f24-2708-4cef-9166-d794e5d9de49,ae576c29-3f92-464d-a24e-8be699b4a1d9,18:10:00,19:10:00,02:00:00,0f074206-403e-4e4a-96d4-272d03666848,cbb306bf-35ca-4dba-ab30-be29d4fd671b,TC-JUJ,2a,Window,Business,Leisure,
d390ae02-6ea9-44da-a326-e83bc4fd50d7,b252a9a4-08ac-4aef-a9bc-37e6d00bd161,2015-01-18,LH1339,ae576c29-3f92-464d-a24e-8be699b4a1d9,3f6bd7e4-930f-443f-8849-6a783cf1aede,14:25:00,16:10:00,01:45:00,674729d7-0e8f-45dd-bef1-5d25f8e867d8,cbb306bf-35ca-4dba-ab30-be29d4fd671b,D-AIQT,16C,Aisle,Economy,Business,Okinawa FAM trip
4271c1f8-8419-4471-a17a-1e7cd7449157,b252a9a4-08ac-4aef-a9bc-37e6d00bd161,2015-01-18,LH716,3f6bd7e4-930f-443f-8849-6a783cf1aede,1f0b9d71-94f9-4760-b72c-d37deb39d4a2,18:00:00,13:05:00,11:05:00,674729d7-0e8f-45dd-bef1-5d25f8e867d8,93b97784-53b4-424c-bbd0-02a9288bd3a3,D-ABYJ,41C,Aisle,Economy,Business,Okinawa FAM trip
88933756-c3e3-4335-b81d-e76671dc59c6,b252a9a4-08ac-4aef-a9bc-37e6d00bd161,2015-01-21,NH471,1f0b9d71-94f9-4760-b72c-d37deb39d4a2,3aaef833-cd7a-4b43-9bfb-ab8e4b9f362f,11:10:00,14:05:00,02:55:00,c4a41ded-ac97-4362-8b51-c939a04a070f,6c1074b0-a96f-4992-97d7-43aa0dcf2db7,JA707A,14G,Aisle,Economy,Business,Okinawa FAM trip
6cc3f548-bf69-44a3-9ebd-9b89363f09c8,b252a9a4-08ac-4aef-a9bc-37e6d00bd161,2015-01-23,NH1763,3aaef833-cd7a-4b43-9bfb-ab8e4b9f362f,08dc815f-85c4-40c8-9ffa-7526e51684ea,09:50:00,10:50:00,01:00:00,c4a41ded-ac97-4362-8b51-c939a04a070f,ef344faf-d74e-40fd-8a5b-56256b9c8834,JA304K,19D,Aisle,Economy,Business,Okinawa FAM trip
dac8b2e1-9f1c-42b0-a5bd-ab9a09065adb,b252a9a4-08ac-4aef-a9bc-37e6d00bd161,2015-01-24,NH1776,08dc815f-85c4-40c8-9ffa-7526e51684ea,3aaef833-cd7a-4b43-9bfb-ab8e4b9f362f,16:30:00,17:25:00,00:55:00,c4a41ded-ac97-4362-8b51-c939a04a070f,ef344faf-d74e-40fd-8a5b-56256b9c8834,JA357K,17C,Aisle,Economy,Business,Okinawa FAM trip
c60be18a-b563-4bab-9db8-4508cfa8efa1,b252a9a4-08ac-4aef-a9bc-37e6d00bd161,2015-01-27,NH476,3aaef833-cd7a-4b43-9bfb-ab8e4b9f362f,1f0b9d71-94f9-4760-b72c-d37deb39d4a2,19:30:00,21:40:00,02:10:00,c4a41ded-ac97-4362-8b51-c939a04a070f,ca26c723-ce2e-4142-a0f2-9b5188799162,JA751A,15D,Aisle,Economy,Business,Okinawa FAM trip
5a41c2c0-50e1-4518-b748-cb91a5c5f8e7,b252a9a4-08ac-4aef-a9bc-37e6d00bd161,2015-01-28,NH203,1f0b9d71-94f9-4760-b72c-d37deb39d4a2,3f6bd7e4-930f-443f-8849-6a783cf1aede,03:40:00,07:40:00,12:00:00,c4a41ded-ac97-4362-8b51-c939a04a070f,6daa8f11-b29e-468c-b980-f0332582ee6a,JA820A,27H,Aisle,Economy,Business,Okinawa FAM trip
7ab924a8-a8fc-47ce-98b2-e204f2cd5095,b252a9a4-08ac-4aef-a9bc-37e6d00bd161,2015-01-28,LH1338,3f6bd7e4-930f-443f-8849-6a783cf1aede,ae576c29-3f92-464d-a24e-8be699b4a1d9,12:15:00,13:50:00,01:35:00,674729d7-0e8f-45dd-bef1-5d25f8e867d8,cbb306bf-35ca-4dba-ab30-be29d4fd671b,D-AISG,21D,Aisle,Economy,Business,Okinawa FAM trip
18dbe11f-cde2-4fdc-8cd4-d7f94e4ed490,b252a9a4-08ac-4aef-a9bc-37e6d00bd161,2015-04-30,SK780,ae576c29-3f92-464d-a24e-8be699b4a1d9,d549830a-90a9-42c9-91aa-8cfd43faddab,12:30:00,14:20:00,01:50:00,e157e076-28f8-4d8f-ae5e-f29d6604dd37,cbb306bf-35ca-4dba-ab30-be29d4fd671b,oy-kay,16c,Aisle,Economy,Leisure,
d03c0940-a463-4076-a23c-0d59d6cb5d67,b252a9a4-08ac-4aef-a9bc-37e6d00bd161,2015-05-04,SK779,d549830a-90a9-42c9-91aa-8cfd43faddab,ae576c29-3f92-464d-a24e-8be699b4a1d9,20:05:00,21:50:00,01:45:00,e157e076-28f8-4d8f-ae5e-f29d6604dd37,e8e34761-1a1f-4767-8d18-b2530f4e74c8,oy-kfm,9c,Aisle,Economy,Leisure,
ea610ccb-956b-47af-b5c0-e865a6a6644a,b252a9a4-08ac-4aef-a9bc-37e6d00bd161,2015-10-22,TK1034,ae576c29-3f92-464d-a24e-8be699b4a1d9,58068f24-2708-4cef-9166-d794e5d9de49,13:50:00,16:55:00,02:05:00,0f074206-403e-4e4a-96d4-272d03666848,c0c623c4-f23d-4969-b4db-5f5641bb0676,TC-JGD,1A,Window,Business,Leisure,Upgrade
a7a6d499-684e-40de-abda-bc9e5e7a2084,b252a9a4-08ac-4aef-a9bc-37e6d00bd161,2015-10-22,TK0088,58068f24-2708-4cef-9166-d794e5d9de49,ee39fa6b-89f9-4a84-82b6-1aeefe74b053,18:20:00,10:25:00,10:05:00,0f074206-403e-4e4a-96d4-272d03666848,b49b36f6-387a-46bf-a374-60b5ba0226f9,TC-JOJ,07J,Aisle,Economy,Leisure,
5d1611e3-56ba-4bb4-a7d4-cebce411f231,b252a9a4-08ac-4aef-a9bc-37e6d00bd161,2015-10-30,TK0091,ee39fa6b-89f9-4a84-82b6-1aeefe74b053,58068f24-2708-4cef-9166-d794e5d9de49,00:20:00,06:00:00,12:40:00,0f074206-403e-4e4a-96d4-272d03666848,4af7ed2e-f686-41ec-b0b6-ca7a14a465a8,TC-JJH,27G,Aisle,Economy,Leisure,
ac6cc18e-c0c6-46de-acb3-457792b337b8,b252a9a4-08ac-4aef-a9bc-37e6d00bd161,2015-10-30,TK1035,58068f24-2708-4cef-9166-d794e5d9de49,ae576c29-3f92-464d-a24e-8be699b4a1d9,08:20:00,08:20:00,02:00:00,0f074206-403e-4e4a-96d4-272d03666848,91bbc220-843d-4956-98c8-2695400592b4,TC-JUD,6D,Aisle,Economy,Leisure,
3066cc8d-5c11-4624-948d-813d9979359d,b252a9a4-08ac-4aef-a9bc-37e6d00bd161,2015-12-09,KL1978,ae576c29-3f92-464d-a24e-8be699b4a1d9,396b4148-bd30-4b98-963c-4229cb9d4318,17:05:00,19:20:00,02:15:00,ae290bbc-85ad-435a-9b8a-bb0cd7597545,20ff1ca6-197c-4c5d-acb4-00537b36d88e,PHBGP,10C,Aisle,Economy,Business,
65f99e2c-35fc-4089-8206-b9ccc022a489,b252a9a4-08ac-4aef-a9bc-37e6d00bd161,2015-12-11,KL1979,396b4148-bd30-4b98-963c-4229cb9d4318,ae576c29-3f92-464d-a24e-8be699b4a1d9,21:05:00,23:05:00,02:00:00,ae290bbc-85ad-435a-9b8a-bb0cd7597545,c0c623c4-f23d-4969-b4db-5f5641bb0676,PHBXY,24D,Aisle,Economy,Business,
f0b146ae-a2c7-4290-8a61-a841adf10b7c,b252a9a4-08ac-4aef-a9bc-37e6d00bd161,2016-10-05,AZ477,ae576c29-3f92-464d-a24e-8be699b4a1d9,242e13d6-682d-4ca7-914f-6f579e3501fd,07:05:00,08:45:00,01:40:00,c0d56e80-dc33-4a25-8961-186ab50f53fc,cbb306bf-35ca-4dba-ab30-be29d4fd671b,EIEIC,5C,Aisle,Economy,Business,
c05d27fb-def1-4799-9a80-dc29f99e445d,b252a9a4-08ac-4aef-a9bc-37e6d00bd161,2016-10-05,AZ584,242e13d6-682d-4ca7-914f-6f579e3501fd,65756284-85bf-4ea5-9a35-ef37b140715b,15:40:00,17:10:00,01:30:00,c0d56e80-dc33-4a25-8961-186ab50f53fc,ab1d2055-0e3e-4448-bbe2-1f62965d7e5e,IBIXQ,16C,Aisle,Economy,Business,
8e1215b9-c72c-4d13-936d-f07387cd872d,b252a9a4-08ac-4aef-a9bc-37e6d00bd161,2016-10-09,AZ583,65756284-85bf-4ea5-9a35-ef37b140715b,242e13d6-682d-4ca7-914f-6f579e3501fd,18:00:00,19:25:00,01:25:00,c0d56e80-dc33-4a25-8961-186ab50f53fc,cbb306bf-35ca-4dba-ab30-be29d4fd671b,EIDSC,21C,Aisle,Economy,Business,
bcc14fa5-25b0-4616-a9b1-97ae7bd8304c,b252a9a4-08ac-4aef-a9bc-37e6d00bd161,2016-10-09,AZ476,242e13d6-682d-4ca7-914f-6f579e3501fd,ae576c29-3f92-464d-a24e-8be699b4a1d9,21:30:00,23:10:00,01:40:00,c0d56e80-dc33-4a25-8961-186ab50f53fc,cbb306bf-35ca-4dba-ab30-be29d4fd671b,EIDTL,14C,Aisle,Economy,Business,
78bdd43b-5aa1-4bec-96a2-abeb9bc9ce9e,b252a9a4-08ac-4aef-a9bc-37e6d00bd161,2016-10-29,QR200,ae576c29-3f92-464d-a24e-8be699b4a1d9,375cf365-a285-4bce-bf69-8a2ad7a2793d,11:15:00,18:30:00,05:15:00,1b336f3f-f11a-4233-9dc8-e75853ca0962,cbb306bf-35ca-4dba-ab30-be29d4fd671b,A7AHQ,28D,Aisle,Economy,Leisure,
3c7781d4-2fab-4c9e-b16c-bb2e74fa7566,b252a9a4-08ac-4aef-a9bc-37e6d00bd161,2016-10-30,QR858,375cf365-a285-4bce-bf69-8a2ad7a2793d,ee39fa6b-89f9-4a84-82b6-1aeefe74b053,02:59:00,17:35:00,08:36:00,1b336f3f-f11a-4233-9dc8-e75853ca0962,4af7ed2e-f686-41ec-b0b6-ca7a14a465a8,A7BAT,4B,Aisle,Business,Leisure,
d8bad947-7642-427d-a199-570a151273db,b252a9a4-08ac-4aef-a9bc-37e6d00bd161,2016-11-12,QR859,ee39fa6b-89f9-4a84-82b6-1aeefe74b053,375cf365-a285-4bce-bf69-8a2ad7a2793d,00:50:00,05:05:00,10:15:00,1b336f3f-f11a-4233-9dc8-e75853ca0962,4af7ed2e-f686-41ec-b0b6-ca7a14a465a8,A7BAS,18C,Aisle,Economy,Leisure,
11f62a53-5ccc-42cc-b967-bed81097a5ba,b252a9a4-08ac-4aef-a9bc-37e6d00bd161,2016-11-12,QR199,375cf365-a285-4bce-bf69-8a2ad7a2793d,ae576c29-3f92-464d-a24e-8be699b4a1d9,06:30:00,10:20:00,05:50:00,1b336f3f-f11a-4233-9dc8-e75853ca0962,cbb306bf-35ca-4dba-ab30-be29d4fd671b,A7AHT,3F,Window,Business,Leisure,
369d42a8-11cc-446f-8157-75f65b148963,b252a9a4-08ac-4aef-a9bc-37e6d00bd161,2016-12-08,KL1978,ae576c29-3f92-464d-a24e-8be699b4a1d9,396b4148-bd30-4b98-963c-4229cb9d4318,17:05:00,19:15:00,02:10:00,ae290bbc-85ad-435a-9b8a-bb0cd7597545,c0c623c4-f23d-4969-b4db-5f5641bb0676,PHBXA,19C,Aisle,Economy,Business,
ef1453f3-0eda-4ce3-9795-f7552a3112f0,b252a9a4-08ac-4aef-a9bc-37e6d00bd161,2016-12-09,KL1979,396b4148-bd30-4b98-963c-4229cb9d4318,ae576c29-3f92-464d-a24e-8be699b4a1d9,21:05:00,23:05:00,02:00:00,ae290bbc-85ad-435a-9b8a-bb0cd7597545,c0c623c4-f23d-4969-b4db-5f5641bb0676,PHBXB,7D,Aisle,Economy,Business,
f941dcfa-6f6f-4937-9eca-33c9c6b70d40,b252a9a4-08ac-4aef-a9bc-37e6d00bd161,2017-01-14,AY754,ae576c29-3f92-464d-a24e-8be699b4a1d9,15bd382d-c120-4385-94f6-95cfe61f1762,11:35:00,14:55:00,02:20:00,cc41577b-3d8b-473e-a53e-8151d5a29bb0,adde1be7-f8f3-412c-9746-07da49a6b7fb,OHLKI,19D,Aisle,Economy,Business,
606a9a0b-b4ac-4ef1-b452-0999417b28fe,b252a9a4-08ac-4aef-a9bc-37e6d00bd161,2017-01-14,AY73,15bd382d-c120-4385-94f6-95cfe61f1762,107437c2-2b62-40c4-bf4a-3fa6cd14e643,17:20:00,10:00:00,09:40:00,cc41577b-3d8b-473e-a53e-8151d5a29bb0,76eda6d5-4375-4a44-9bcc-cd95cf6ccc3d,OHLQE,29D,Aisle,Economy,Business,
900b5cdc-4a53-4cfa-b806-1188f6d9fe89,b252a9a4-08ac-4aef-a9bc-37e6d00bd161,2017-01-26,AY78,f3f309e0-a98b-40d4-875d-2ded3bf10073,15bd382d-c120-4385-94f6-95cfe61f1762,11:45:00,15:10:00,10:25:00,cc41577b-3d8b-473e-a53e-8151d5a29bb0,b49b36f6-387a-46bf-a374-60b5ba0226f9,OHLTR,30C,Aisle,Economy,Business,
5b7a5707-4efe-483a-a3c5-e5225655bec8,b252a9a4-08ac-4aef-a9bc-37e6d00bd161,2017-01-26,AY755,15bd382d-c120-4385-94f6-95cfe61f1762,ae576c29-3f92-464d-a24e-8be699b4a1d9,17:10:00,18:30:00,02:20:00,cc41577b-3d8b-473e-a53e-8151d5a29bb0,91bbc220-843d-4956-98c8-2695400592b4,OHLVK,10A,Window,Economy,Business,
04161b5f-58d6-4e3d-8d5a-5e52a7ee68d7,b252a9a4-08ac-4aef-a9bc-37e6d00bd161,2017-04-07,CA722,ae576c29-3f92-464d-a24e-8be699b4a1d9,4b94d7ca-f336-4fab-84f0-d27a668594e7,21:10:00,13:05:00,09:55:00,e9a7198a-de5b-4c80-bf8a-83e0ce7d1870,a1a02198-0ab1-4b49-aa2f-ebcfde99388e,B5933,49J,Aisle,Economy,Leisure,
e1e3a278-9648-41ac-bac3-e0d59de33e13,b252a9a4-08ac-4aef-a9bc-37e6d00bd161,2017-04-08,CA137,4b94d7ca-f336-4fab-84f0-d27a668594e7,4389126e-c34d-489e-bbcf-befcc6330765,18:45:00,21:50:00,02:05:00,e9a7198a-de5b-4c80-bf8a-83e0ce7d1870,c0c623c4-f23d-4969-b4db-5f5641bb0676,B6106,20C,Aisle,Economy,Leisure,
764787ef-1989-4343-bcad-d0aa94464e68,b252a9a4-08ac-4aef-a9bc-37e6d00bd161,2017-04-16,CA138,4389126e-c34d-489e-bbcf-befcc6330765,4b94d7ca-f336-4fab-84f0-d27a668594e7,09:25:00,10:50:00,02:25:00,e9a7198a-de5b-4c80-bf8a-83e0ce7d1870,c0c623c4-f23d-4969-b4db-5f5641bb0676,B5328,23C,Aisle,Economy,Leisure,
db270e06-3c0d-4267-92c4-72b278f66ebb,b252a9a4-08ac-4aef-a9bc-37e6d00bd161,2017-04-16,CA721,4b94d7ca-f336-4fab-84f0-d27a668594e7,beef0dae-f1b9-4dc8-a435-043071783359,13:05:00,17:20:00,09:15:00,e9a7198a-de5b-4c80-bf8a-83e0ce7d1870,a1a02198-0ab1-4b49-aa2f-ebcfde99388e,B5925,44C,Aisle,Economy,Leisure,
cb80115e-bd6b-42b9-b508-e6eff1bd198b,b252a9a4-08ac-4aef-a9bc-37e6d00bd161,2017-04-16,CA721,beef0dae-f1b9-4dc8-a435-043071783359,ae576c29-3f92-464d-a24e-8be699b4a1d9,18:50:00,19:40:00,01:50:00,e9a7198a-de5b-4c80-bf8a-83e0ce7d1870,a1a02198-0ab1-4b49-aa2f-ebcfde99388e,B5925,44C,Aisle,Economy,Leisure,
d19e0051-a9a5-4ab9-a1b9-e2c7b9120caf,b252a9a4-08ac-4aef-a9bc-37e6d00bd161,2017-11-16,AY1252,ae576c29-3f92-464d-a24e-8be699b4a1d9,15bd382d-c120-4385-94f6-95cfe61f1762,11:35:00,14:55:00,02:20:00,b7860221-5282-4f9e-8b88-c44c9488790e,91bbc220-843d-4956-98c8-2695400592b4,OH-LVB,16C,Aisle,Economy,Leisure,
dc463d77-a81c-4eae-8ec3-4a2dc8e6f442,b252a9a4-08ac-4aef-a9bc-37e6d00bd161,2017-11-16,AY41,15bd382d-c120-4385-94f6-95cfe61f1762,ee39fa6b-89f9-4a84-82b6-1aeefe74b053,17:30:00,09:10:00,08:40:00,b7860221-5282-4f9e-8b88-c44c9488790e,82bb6d20-1510-46e9-8c4c-0468d32bad1a,OH-LWL,27C,Aisle,Economy,Leisure,
73903d78-1aeb-4861-ad02-194f6232fdc2,b252a9a4-08ac-4aef-a9bc-37e6d00bd161,2017-11-18,OZ713,ee39fa6b-89f9-4a84-82b6-1aeefe74b053,ecb55b28-8b72-4a21-9921-44245d363ab0,14:00:00,15:35:00,02:35:00,442e0b1e-922a-486f-aa96-ef4a303f5221,affeba25-0655-448c-8872-74dcdc9268a5,HL7248,22H,Aisle,Economy,Leisure,
21a86f12-5260-4c4e-8719-f836e0a74365,b252a9a4-08ac-4aef-a9bc-37e6d00bd161,2017-11-22,OZ712,ecb55b28-8b72-4a21-9921-44245d363ab0,ee39fa6b-89f9-4a84-82b6-1aeefe74b053,13:00:00,16:30:00,02:30:00,442e0b1e-922a-486f-aa96-ef4a303f5221,b49b36f6-387a-46bf-a374-60b5ba0226f9,HL7792,16C,Aisle,Economy,Leisure,
ed8d05aa-ea4b-4f3e-9987-d012e46f0d29,b252a9a4-08ac-4aef-a9bc-37e6d00bd161,2017-11-28,AY42,ee39fa6b-89f9-4a84-82b6-1aeefe74b053,15bd382d-c120-4385-94f6-95cfe61f1762,11:05:00,14:10:00,10:05:00,cc41577b-3d8b-473e-a53e-8151d5a29bb0,82bb6d20-1510-46e9-8c4c-0468d32bad1a,OH-LWF,32C,Aisle,Economy,Leisure,
516f60c2-4a78-41bf-82a0-bed9194336de,b252a9a4-08ac-4aef-a9bc-37e6d00bd161,2017-11-28,AY1255,15bd382d-c120-4385-94f6-95cfe61f1762,ae576c29-3f92-464d-a24e-8be699b4a1d9,17:10:00,18:30:00,02:20:00,cc41577b-3d8b-473e-a53e-8151d5a29bb0,91bbc220-843d-4956-98c8-2695400592b4,OH-LVK,11A,Window,Economy,Leisure,
deccaaf2-9021-4e50-aaf7-7ce47a745431,b252a9a4-08ac-4aef-a9bc-37e6d00bd161,2017-12-03,KL1976,ae576c29-3f92-464d-a24e-8be699b4a1d9,396b4148-bd30-4b98-963c-4229cb9d4318,12:50:00,15:05:00,02:15:00,ae290bbc-85ad-435a-9b8a-bb0cd7597545,c0c623c4-f23d-4969-b4db-5f5641bb0676,PH-BXU,19C,Aisle,Economy,Business,
a3b74c7a-4fc6-4455-a245-eea0a98b05c1,b252a9a4-08ac-4aef-a9bc-37e6d00bd161,2017-12-08,KL1979,396b4148-bd30-4b98-963c-4229cb9d4318,ae576c29-3f92-464d-a24e-8be699b4a1d9,21:05:00,23:05:00,02:00:00,ae290bbc-85ad-435a-9b8a-bb0cd7597545,c0c623c4-f23d-4969-b4db-5f5641bb0676,PH-BXD,12C,Aisle,Economy,Business,
e34ad41c-b222-4176-90a3-395ed85c9cac,b252a9a4-08ac-4aef-a9bc-37e6d00bd161,2018-01-08,FR4091,ae576c29-3f92-464d-a24e-8be699b4a1d9,e0657f1a-3453-4bee-ad9e-fa7e93a053cf,16:20:00,17:30:00,01:10:00,dd906879-a36f-43c3-bfc1-94c6c183b7ab,c0c623c4-f23d-4969-b4db-5f5641bb0676,EI-FZN,6F,Window,Economy,Business,
57313cb6-57c5-4689-9dd5-d35577ec51c8,b252a9a4-08ac-4aef-a9bc-37e6d00bd161,2018-01-10,FR4092,e0657f1a-3453-4bee-ad9e-fa7e93a053cf,ae576c29-3f92-464d-a24e-8be699b4a1d9,17:20:00,18:30:00,01:10:00,dd906879-a36f-43c3-bfc1-94c6c183b7ab,c0c623c4-f23d-4969-b4db-5f5641bb0676,EI-ESV,26D,Aisle,Economy,Business,
8702b7e7-37e0-4cf7-b933-1ca8c6eed40d,b252a9a4-08ac-4aef-a9bc-37e6d00bd161,2018-02-06,FR605,ae576c29-3f92-464d-a24e-8be699b4a1d9,d549830a-90a9-42c9-91aa-8cfd43faddab,19:30:00,21:30:00,02:00:00,dd906879-a36f-43c3-bfc1-94c6c183b7ab,c0c623c4-f23d-4969-b4db-5f5641bb0676,EI-ENG,24D,Aisle,Economy,Business,
bc10de4b-868b-48da-9859-34e5c9d0496b,b252a9a4-08ac-4aef-a9bc-37e6d00bd161,2018-02-08,FR604,d549830a-90a9-42c9-91aa-8cfd43faddab,ae576c29-3f92-464d-a24e-8be699b4a1d9,21:55:00,23:45:00,01:50:00,dd906879-a36f-43c3-bfc1-94c6c183b7ab,c0c623c4-f23d-4969-b4db-5f5641bb0676,EI-ENG,24D,Aisle,Economy,Business,
f489316a-7d65-4254-9a1c-c198e65aec98,b252a9a4-08ac-4aef-a9bc-37e6d00bd161,2018-02-14,TK1038,ae576c29-3f92-464d-a24e-8be699b4a1d9,58068f24-2708-4cef-9166-d794e5d9de49,20:05:00,00:15:00,02:10:00,0f074206-403e-4e4a-96d4-272d03666848,c0c623c4-f23d-4969-b4db-5f5641bb0676,TC-JGP,7C,Aisle,Economy,Leisure,
d1c279c6-a337-4a35-b3d6-d28c465273cc,b252a9a4-08ac-4aef-a9bc-37e6d00bd161,2018-02-15,TK90,58068f24-2708-4cef-9166-d794e5d9de49,ee39fa6b-89f9-4a84-82b6-1aeefe74b053,02:20:00,18:25:00,10:05:00,0f074206-403e-4e4a-96d4-272d03666848,4af7ed2e-f686-41ec-b0b6-ca7a14a465a8,TC-JJE,24C,Aisle,Economy,Leisure,
ccd03b73-2bba-41d3-a53c-3fef54ffded3,b252a9a4-08ac-4aef-a9bc-37e6d00bd161,2018-02-19,TK89,ee39fa6b-89f9-4a84-82b6-1aeefe74b053,58068f24-2708-4cef-9166-d794e5d9de49,23:20:00,05:35:00,12:15:00,0f074206-403e-4e4a-96d4-272d03666848,b49b36f6-387a-46bf-a374-60b5ba0226f9,TC-JOA,22B,Aisle,Economy,Leisure,
c9843f7c-17cd-49a6-85d0-49835e7de2c1,b252a9a4-08ac-4aef-a9bc-37e6d00bd161,2018-02-20,TK1035,58068f24-2708-4cef-9166-d794e5d9de49,ae576c29-3f92-464d-a24e-8be699b4a1d9,08:20:00,08:20:00,02:00:00,0f074206-403e-4e4a-96d4-272d03666848,3eff0aaf-30a8-4585-a55e-e2604b553bb0,TC-JYE,6D,Aisle,Economy,Leisure,
99c46119-05e5-4446-aaeb-30034e0de717,b252a9a4-08ac-4aef-a9bc-37e6d00bd161,2018-02-25,FR4091,ae576c29-3f92-464d-a24e-8be699b4a1d9,e0657f1a-3453-4bee-ad9e-fa7e93a053cf,16:25:00,17:35:00,01:10:00,dd906879-a36f-43c3-bfc1-94c6c183b7ab,c0c623c4-f23d-4969-b4db-5f5641bb0676,EI-ENW,28D,Aisle,Economy,Business,
e181218c-6aef-4f91-aa2c-1e3fbe5df326,b252a9a4-08ac-4aef-a9bc-37e6d00bd161,2018-02-26,FR4092,e0657f1a-3453-4bee-ad9e-fa7e93a053cf,ae576c29-3f92-464d-a24e-8be699b4a1d9,17:55:00,19:05:00,01:10:00,dd906879-a36f-43c3-bfc1-94c6c183b7ab,c0c623c4-f23d-4969-b4db-5f5641bb0676,EI-EKT,27D,Aisle,Economy,Business,
0ac20368-abae-4f18-b6ee-73ca0fc8e288,b252a9a4-08ac-4aef-a9bc-37e6d00bd161,2018-04-08,AY1252,ae576c29-3f92-464d-a24e-8be699b4a1d9,15bd382d-c120-4385-94f6-95cfe61f1762,11:40:00,15:00:00,02:20:00,cc41577b-3d8b-473e-a53e-8151d5a29bb0,91bbc220-843d-4956-98c8-2695400592b4,OH-LVK,7D,Aisle,Economy,Leisure,
09d7d989-3282-49df-968f-ebb9ec113687,b252a9a4-08ac-4aef-a9bc-37e6d00bd161,2018-04-08,AY41,15bd382d-c120-4385-94f6-95cfe61f1762,ee39fa6b-89f9-4a84-82b6-1aeefe74b053,17:30:00,08:20:00,08:50:00,cc41577b-3d8b-473e-a53e-8151d5a29bb0,82bb6d20-1510-46e9-8c4c-0468d32bad1a,OH-LWI,33C,Aisle,Economy,Leisure,
a19a2927-e5ce-46be-be2f-ac3fb5fbb12e,b252a9a4-08ac-4aef-a9bc-37e6d00bd161,2018-04-20,AY42,ee39fa6b-89f9-4a84-82b6-1aeefe74b053,15bd382d-c120-4385-94f6-95cfe61f1762,10:20:00,13:55:00,09:35:00,cc41577b-3d8b-473e-a53e-8151d5a29bb0,82bb6d20-1510-46e9-8c4c-0468d32bad1a,OH-LWI,33C,Aisle,Economy,Leisure,
8287d129-e029-4019-85bc-81b76da2e596,b252a9a4-08ac-4aef-a9bc-37e6d00bd161,2018-04-20,AY1255,15bd382d-c120-4385-94f6-95cfe61f1762,ae576c29-3f92-464d-a24e-8be699b4a1d9,16:45:00,18:05:00,02:20:00,cc41577b-3d8b-473e-a53e-8151d5a29bb0,91bbc220-843d-4956-98c8-2695400592b4,OH-LVK,8C,Aisle,Economy,Leisure,
ab9ca43c-fdc2-4680-a93a-4c08a49592a1,b252a9a4-08ac-4aef-a9bc-37e6d00bd161,2018-05-09,FR4091,ae576c29-3f92-464d-a24e-8be699b4a1d9,e0657f1a-3453-4bee-ad9e-fa7e93a053cf,19:30:00,20:40:00,01:10:00,dd906879-a36f-43c3-bfc1-94c6c183b7ab,c0c623c4-f23d-4969-b4db-5f5641bb0676,EI-DHV,28C,Aisle,Economy,Business,
c9fc58bb-fcdd-4d99-b699-a2494419d507,b252a9a4-08ac-4aef-a9bc-37e6d00bd161,2018-05-10,FR4092,e0657f1a-3453-4bee-ad9e-fa7e93a053cf,ae576c29-3f92-464d-a24e-8be699b4a1d9,21:05:00,22:15:00,01:10:00,dd906879-a36f-43c3-bfc1-94c6c183b7ab,c0c623c4-f23d-4969-b4db-5f5641bb0676,EI-DHV,28C,Aisle,Economy,Business,
a04542bb-5f88-4b9f-844e-1a3ce79e825c,b252a9a4-08ac-4aef-a9bc-37e6d00bd161,2018-05-31,AY1252,ae576c29-3f92-464d-a24e-8be699b4a1d9,15bd382d-c120-4385-94f6-95cfe61f1762,11:40:00,15:00:00,02:20:00,cc41577b-3d8b-473e-a53e-8151d5a29bb0,ab1d2055-0e3e-4448-bbe2-1f62965d7e5e,OH-LZN,6D,Aisle,Economy,Leisure,
c7f3ba63-bf34-4c7d-85a1-1eda68b57472,b252a9a4-08ac-4aef-a9bc-37e6d00bd161,2018-05-31,AY41,15bd382d-c120-4385-94f6-95cfe61f1762,ee39fa6b-89f9-4a84-82b6-1aeefe74b053,17:30:00,08:20:00,08:50:00,cc41577b-3d8b-473e-a53e-8151d5a29bb0,82bb6d20-1510-46e9-8c4c-0468d32bad1a,OH-LWI,33C,Aisle,Economy,Leisure,
0bab2bbe-1e6a-403f-9d49-edaa615666ce,b252a9a4-08ac-4aef-a9bc-37e6d00bd161,2018-06-04,OZ114,ee39fa6b-89f9-4a84-82b6-1aeefe74b053,f3f309e0-a98b-40d4-875d-2ded3bf10073,14:05:00,15:50:00,01:45:00,442e0b1e-922a-486f-aa96-ef4a303f5221,affeba25-0655-448c-8872-74dcdc9268a5,HL7516,20C,Aisle,Economy,Leisure,
2671fc17-518c-4a42-b227-5e4fde7620d4,b252a9a4-08ac-4aef-a9bc-37e6d00bd161,2018-06-07,AY78,f3f309e0-a98b-40d4-875d-2ded3bf10073,15bd382d-c120-4385-94f6-95cfe61f1762,10:45:00,14:45:00,10:00:00,cc41577b-3d8b-473e-a53e-8151d5a29bb0,82bb6d20-1510-46e9-8c4c-0468d32bad1a,OH-LWD,6A,Window,Business,Leisure,
5d36a2af-bec5-4692-8439-8df321ec0d9b,b252a9a4-08ac-4aef-a9bc-37e6d00bd161,2018-06-07,AY1267,15bd382d-c120-4385-94f6-95cfe61f1762,ae576c29-3f92-464d-a24e-8be699b4a1d9,22:10:00,23:40:00,02:30:00,cc41577b-3d8b-473e-a53e-8151d5a29bb0,91bbc220-843d-4956-98c8-2695400592b4,OH-LVL,6D,Aisle,Economy,Leisure,
d49041ba-68ed-411c-91b5-7673686d1ef9,b252a9a4-08ac-4aef-a9bc-37e6d00bd161,2018-07-31,FR4091,ae576c29-3f92-464d-a24e-8be699b4a1d9,e0657f1a-3453-4bee-ad9e-fa7e93a053cf,13:15:00,14:25:00,01:10:00,dd906879-a36f-43c3-bfc1-94c6c183b7ab,c0c623c4-f23d-4969-b4db-5f5641bb0676,EI-EVF,28D,Aisle,Economy,Business,
c332648c-6eae-4b6b-a01c-e1e54d9cf457,b252a9a4-08ac-4aef-a9bc-37e6d00bd161,2018-08-01,FR4092,e0657f1a-3453-4bee-ad9e-fa7e93a053cf,ae576c29-3f92-464d-a24e-8be699b4a1d9,21:05:00,22:15:00,01:10:00,dd906879-a36f-43c3-bfc1-94c6c183b7ab,c0c623c4-f23d-4969-b4db-5f5641bb0676,EI-EVF,25D,Aisle,Economy,Business,
5a2a505e-18f0-4ac1-bae5-a4bebd99780d,b252a9a4-08ac-4aef-a9bc-37e6d00bd161,2018-08-14,7O5046,ae576c29-3f92-464d-a24e-8be699b4a1d9,b0a659c7-8469-44cb-a056-e278624ed73c,20:05:00,23:20:00,02:15:00,25c051d7-d14b-4577-87af-b51551fca808,20ff1ca6-197c-4c5d-acb4-00537b36d88e,HA-LKG,1C,Aisle,Economy,Leisure,
f350959f-4a03-4706-aa75-19a88aae3880,b252a9a4-08ac-4aef-a9bc-37e6d00bd161,2018-08-22,7O5047,b0a659c7-8469-44cb-a056-e278624ed73c,ae576c29-3f92-464d-a24e-8be699b4a1d9,00:10:00,01:35:00,02:25:00,25c051d7-d14b-4577-87af-b51551fca808,c0c623c4-f23d-4969-b4db-5f5641bb0676,OK-TVJ,16D,Aisle,Economy,Leisure,
0cb2162f-9690-4805-8c5b-671dcb1c0247,b252a9a4-08ac-4aef-a9bc-37e6d00bd161,2018-11-17,FR4091,ae576c29-3f92-464d-a24e-8be699b4a1d9,e0657f1a-3453-4bee-ad9e-fa7e93a053cf,10:35:00,11:45:00,01:10:00,dd906879-a36f-43c3-bfc1-94c6c183b7ab,c0c623c4-f23d-4969-b4db-5f5641bb0676,EI-DLE,28D,Aisle,Economy,Leisure,
1108c126-f8e8-4b7f-b0cf-27c9de19d858,b252a9a4-08ac-4aef-a9bc-37e6d00bd161,2018-11-19,FR4092,e0657f1a-3453-4bee-ad9e-fa7e93a053cf,ae576c29-3f92-464d-a24e-8be699b4a1d9,17:25:00,18:35:00,01:10:00,dd906879-a36f-43c3-bfc1-94c6c183b7ab,c0c623c4-f23d-4969-b4db-5f5641bb0676,EI-DPT,28D,Aisle,Economy,Leisure,
e3cf3f35-80ad-4d7c-829e-726ebe165133,b252a9a4-08ac-4aef-a9bc-37e6d00bd161,2018-12-15,FR4090,ae576c29-3f92-464d-a24e-8be699b4a1d9,44fa8825-7af4-4980-b3d4-bc614f5a3088,06:25:00,08:05:00,01:40:00,dd906879-a36f-43c3-bfc1-94c6c183b7ab,c0c623c4-f23d-4969-b4db-5f5641bb0676,EI-FIT,30D,Aisle,Economy,Leisure,
bcb64d7a-f435-45a2-8077-a27833d6fefb,b252a9a4-08ac-4aef-a9bc-37e6d00bd161,2018-12-18,FR4089,44fa8825-7af4-4980-b3d4-bc614f5a3088,ae576c29-3f92-464d-a24e-8be699b4a1d9,08:35:00,10:15:00,01:40:00,dd906879-a36f-43c3-bfc1-94c6c183b7ab,c0c623c4-f23d-4969-b4db-5f5641bb0676,EI-GDW,30C,Aisle,Economy,Leisure,
79131f4f-758f-4d74-92fd-b07dfa94b2a7,b252a9a4-08ac-4aef-a9bc-37e6d00bd161,2019-12-03,W62375,ae576c29-3f92-464d-a24e-8be699b4a1d9,5b600a7c-dcb7-4245-b39f-79a2be42253a,06:05:00,08:40:00,02:35:00,5f2bb056-63d9-4ae0-9f48-324f389c86df,31e79a20-0dbe-4a69-a8ed-b1b100815ffa,HA-LVC,16C,Aisle,Economy,Leisure,
a3151045-1a0e-4813-a2ea-a1555ca590ea,b252a9a4-08ac-4aef-a9bc-37e6d00bd161,2019-12-07,W62376,5b600a7c-dcb7-4245-b39f-79a2be42253a,ae576c29-3f92-464d-a24e-8be699b4a1d9,09:20:00,12:00:00,02:40:00,5f2bb056-63d9-4ae0-9f48-324f389c86df,31e79a20-0dbe-4a69-a8ed-b1b100815ffa,HA-LVC,16C,Aisle,Economy,Leisure,
12273ad9-7566-49e3-b505-40a476079877,b252a9a4-08ac-4aef-a9bc-37e6d00bd161,2021-10-04,LO2001,ae576c29-3f92-464d-a24e-8be699b4a1d9,ee39fa6b-89f9-4a84-82b6-1aeefe74b053,15:15:00,08:55:00,10:40:00,bd9b71df-057e-4b1f-8f3c-d082199d8529,6daa8f11-b29e-468c-b980-f0332582ee6a,SP-LRC,26G,Aisle,Economy,Leisure,
1218ba69-6e88-4ff4-8a56-3821361c4284,b252a9a4-08ac-4aef-a9bc-37e6d00bd161,2022-02-03,LO98,ee39fa6b-89f9-4a84-82b6-1aeefe74b053,bdaa5dfb-40e9-4986-bb40-97ce247fb766,11:40:00,14:35:00,09:55:00,bd9b71df-057e-4b1f-8f3c-d082199d8529,6daa8f11-b29e-468c-b980-f0332582ee6a,SP-LRD,22G,Aisle,Economy,Leisure,
21c540eb-e3d4-48bf-8ccd-4e9f3b28fa0d,b252a9a4-08ac-4aef-a9bc-37e6d00bd161,2022-02-03,LO537,bdaa5dfb-40e9-4986-bb40-97ce247fb766,ae576c29-3f92-464d-a24e-8be699b4a1d9,16:00:00,17:25:00,01:25:00,bd9b71df-057e-4b1f-8f3c-d082199d8529,49dc7d3d-3d1f-4b7d-b42d-9b1dca714e3e,SP-LNP,13C,Aisle,Economy,Leisure,
e5597b43-6c76-4e73-adb4-a7ae52faf7ea,b252a9a4-08ac-4aef-a9bc-37e6d00bd161,2022-04-22,FR605,ae576c29-3f92-464d-a24e-8be699b4a1d9,d549830a-90a9-42c9-91aa-8cfd43faddab,19:50:00,21:45:00,01:55:00,dd906879-a36f-43c3-bfc1-94c6c183b7ab,c0c623c4-f23d-4969-b4db-5f5641bb0676,SP-RSR,12D,Aisle,Economy,Leisure,
f4d86108-2c5d-4ddd-a4a9-46c7d51452f1,b252a9a4-08ac-4aef-a9bc-37e6d00bd161,2022-04-26,FR604,d549830a-90a9-42c9-91aa-8cfd43faddab,ae576c29-3f92-464d-a24e-8be699b4a1d9,21:10:00,22:55:00,01:45:00,dd906879-a36f-43c3-bfc1-94c6c183b7ab,c0c623c4-f23d-4969-b4db-5f5641bb0676,SP-RKT,15D,Aisle,Economy,Leisure,
cbd33fa0-1dfe-4276-aa1d-1557e306c167,b252a9a4-08ac-4aef-a9bc-37e6d00bd161,2023-05-12,7O5436,ae576c29-3f92-464d-a24e-8be699b4a1d9,df9c54b4-1251-4420-8de6-999644458770,08:00:00,09:25:00,02:25:00,25c051d7-d14b-4577-87af-b51551fca808,c0c623c4-f23d-4969-b4db-5f5641bb0676,OM-TSG,18C,Aisle,Economy,Leisure,
e1abd027-01f9-440b-8daa-e8ca1c5da772,b252a9a4-08ac-4aef-a9bc-37e6d00bd161,2023-05-19,7O5437,df9c54b4-1251-4420-8de6-999644458770,ae576c29-3f92-464d-a24e-8be699b4a1d9,10:15:00,13:45:00,02:30:00,25c051d7-d14b-4577-87af-b51551fca808,c0c623c4-f23d-4969-b4db-5f5641bb0676,OK-TVO,4D,Aisle,Economy,Leisure,
886db713-882b-472f-902e-7cdfc206865f,b252a9a4-08ac-4aef-a9bc-37e6d00bd161,2023-06-27,7O5008,ae576c29-3f92-464d-a24e-8be699b4a1d9,7fb2982a-c3c0-4c20-889b-1ed0f31b78c3,05:00:00,08:40:00,02:40:00,25c051d7-d14b-4577-87af-b51551fca808,c0c623c4-f23d-4969-b4db-5f5641bb0676,OK-TVO,17C,Aisle,Economy,Leisure,
331bbabd-41e4-44cf-80a6-993ef832aea4,b252a9a4-08ac-4aef-a9bc-37e6d00bd161,2023-07-04,7O5009,7fb2982a-c3c0-4c20-889b-1ed0f31b78c3,ae576c29-3f92-464d-a24e-8be699b4a1d9,09:30:00,11:10:00,02:40:00,25c051d7-d14b-4577-87af-b51551fca808,cbb306bf-35ca-4dba-ab30-be29d4fd671b,LY-WSM,13D,Aisle,Economy,Leisure,
2b8405a3-da92-41ef-b0f2-bb4bf151bac6,b252a9a4-08ac-4aef-a9bc-37e6d00bd161,2023-10-16,FR2277,ae576c29-3f92-464d-a24e-8be699b4a1d9,a05b9c0e-37e2-4876-9755-6d9e90f1fee4,18:55:00,21:10:00,02:15:00,dd906879-a36f-43c3-bfc1-94c6c183b7ab,c0c623c4-f23d-4969-b4db-5f5641bb0676,SP-RSK,28C,Aisle,Economy,Leisure,
66c32ddb-f5bc-47df-9bce-61bd251e55d2,b252a9a4-08ac-4aef-a9bc-37e6d00bd161,2023-10-20,FR2278,a05b9c0e-37e2-4876-9755-6d9e90f1fee4,ae576c29-3f92-464d-a24e-8be699b4a1d9,13:05:00,15:20:00,02:15:00,dd906879-a36f-43c3-bfc1-94c6c183b7ab,59f3262f-a35d-44db-8c46-0780bb04aced,9H-VUX,28C,Aisle,Economy,Leisure,
e3a7bb3f-ee7a-4fc2-8c3e-cd1b6c2fdd54,b252a9a4-08ac-4aef-a9bc-37e6d00bd161,2023-12-16,A3877,ae576c29-3f92-464d-a24e-8be699b4a1d9,0be74543-d8a1-4816-bcf8-c08bff310eee,10:45:00,13:45:00,02:00:00,d917c89c-e2d5-4386-a9f2-7624d934f7df,cbb306bf-35ca-4dba-ab30-be29d4fd671b,SX-DVR,18D,Aisle,Economy,Leisure,
4c56ce07-1306-4fd1-b916-f6e6f59714de,b252a9a4-08ac-4aef-a9bc-37e6d00bd161,2023-12-16,A3336,0be74543-d8a1-4816-bcf8-c08bff310eee,7fb2982a-c3c0-4c20-889b-1ed0f31b78c3,17:05:00,17:55:00,00:50:00,d917c89c-e2d5-4386-a9f2-7624d934f7df,cbb306bf-35ca-4dba-ab30-be29d4fd671b,SX-DVL,19D,Aisle,Economy,Leisure,